Hello,Hello World!
Hello,Hello World!
hi,I will have to give that some thought.<br><br>You can try this from my friend Google: <a target='_blank' href='https://www.google.com/search?q=hi'>hi</a>
how%20are%20you,I am a ChatBot running on Python and a dash of artificial intelligence.
how%20you%20can%20help%20me,The time is now 3:23 AM EST
what%20is%20current%20time,I don't know.<br><br>You can try this from my friend Google: <a target='_blank' href='https://www.google.com/search?q=what%20is%20current%20time'>what is current time</a>
Hello,Hello World!
Hello,Hello World!
hi,I don't know.<br><br>You can try this from my friend Google: <a target='_blank' href='https://www.google.com/search?q=hi'>hi</a>
how%20are%20you,I am a Chatbot.
Hello,Hello World!
hi,I don't know.<br><br>You can try this from my friend Google: <a target='_blank' href='https://www.google.com/search?q=hi'>hi</a>
Hello,Hello World!
